Author,Year,Citations,Journal,
Hoover,1985,4, Physical Review A,
Hoover,1986,16, Physical Review A,
Hoover,1987,22, Physical Review A,
Hoover,1988,34, Physical Review A,
Hoover,1989,50, Physical Review A,
Hoover,1990,69, Physical Review A,
Hoover,1991,81, Physical Review A,
Hoover,1992,108, Physical Review A,
Hoover,1993,138, Physical Review A,
Hoover,1994,172, Physical Review A,
Hoover,1995,212, Physical Review A,
Hoover,1996,250, Physical Review A,
Hoover,1997,305, Physical Review A,
Hoover,1998,375, Physical Review A,
Hoover,1999,448, Physical Review A,
Hoover,2000,536, Physical Review A,
Hoover,2001,607, Physical Review A,
Hoover,2002,706, Physical Review A,
Hoover,2003,798, Physical Review A,
Hoover,2004,903, Physical Review A,
Hoover,2005,1036, Physical Review A,
Hoover,2006,1191, Physical Review A,
Hoover,2007,1350, Physical Review A,
Hoover,2008,1516, Physical Review A,
Hoover,2009,1723, Physical Review A,
Hoover,2010,1926, Physical Review A,
Hoover,2011,2178, Physical Review A,
Hoover,2012,2472, Physical Review A,
Hoover,2013,2771, Physical Review A,
Hoover,2014,3124, Physical Review A,
Hoover,2015,3487, Physical Review A,
Hoover,2016,3890, Physical Review A,
Hoover,2017,4192, Physical Review A,
Hoover,2018,4197, Physical Review A,
Kroto,1986,32, Nature,
Kroto,1987,65, Nature,
Kroto,1988,100, Nature,
Kroto,1989,123, Nature,
Kroto,1990,160, Nature,
Kroto,1991,302, Nature,
Kroto,1992,535, Nature,
Kroto,1993,822, Nature,
Kroto,1994,998, Nature,
Kroto,1995,1142, Nature,
Kroto,1996,1291, Nature,
Kroto,1997,1420, Nature,
Kroto,1998,1538, Nature,
Kroto,1999,1674, Nature,
Kroto,2000,1793, Nature,
Kroto,2001,1907, Nature,
Kroto,2002,2042, Nature,
Kroto,2003,2153, Nature,
Kroto,2004,2267, Nature,
Kroto,2005,2402, Nature,
Kroto,2006,2542, Nature,
Kroto,2007,2644, Nature,
Kroto,2008,2781, Nature,
Kroto,2009,2933, Nature,
Kroto,2010,3065, Nature,
Kroto,2011,3220, Nature,
Kroto,2012,3376, Nature,
Kroto,2013,3545, Nature,
Kroto,2014,3678, Nature,
Kroto,2015,3832, Nature,
Kroto,2016,3986, Nature,
Kroto,2017,4104, Nature,
Kroto,2018,4106, Nature,
Rieke,1985,11, The Astrophysical Journal,
Rieke,1986,27, The Astrophysical Journal,
Rieke,1987,50, The Astrophysical Journal,
Rieke,1988,87, The Astrophysical Journal,
Rieke,1989,125, The Astrophysical Journal,
Rieke,1990,177, The Astrophysical Journal,
Rieke,1991,224, The Astrophysical Journal,
Rieke,1992,273, The Astrophysical Journal,
Rieke,1993,317, The Astrophysical Journal,
Rieke,1994,386, The Astrophysical Journal,
Rieke,1995,442, The Astrophysical Journal,
Rieke,1996,514, The Astrophysical Journal,
Rieke,1997,580, The Astrophysical Journal,
Rieke,1998,662, The Astrophysical Journal,
Rieke,1999,735, The Astrophysical Journal,
Rieke,2000,812, The Astrophysical Journal,
Rieke,2001,901, The Astrophysical Journal,
Rieke,2002,980, The Astrophysical Journal,
Rieke,2003,1078, The Astrophysical Journal,
Rieke,2004,1189, The Astrophysical Journal,
Rieke,2005,1279, The Astrophysical Journal,
Rieke,2006,1381, The Astrophysical Journal,
Rieke,2007,1490, The Astrophysical Journal,
Rieke,2008,1594, The Astrophysical Journal,
Rieke,2009,1691, The Astrophysical Journal,
Rieke,2010,1774, The Astrophysical Journal,
Rieke,2011,1854, The Astrophysical Journal,
Rieke,2012,1938, The Astrophysical Journal,
Rieke,2013,2008, The Astrophysical Journal,
Rieke,2014,2083, The Astrophysical Journal,
Rieke,2015,2139, The Astrophysical Journal,
Rieke,2016,2184, The Astrophysical Journal,
Rieke,2017,2223, The Astrophysical Journal,
Yeh,1985,2, Atomic Data and Nuclear Data Tables,
Yeh,1986,20, Atomic Data and Nuclear Data Tables,
Yeh,1987,52, Atomic Data and Nuclear Data Tables,
Yeh,1988,85, Atomic Data and Nuclear Data Tables,
Yeh,1989,140, Atomic Data and Nuclear Data Tables,
Yeh,1990,228, Atomic Data and Nuclear Data Tables,
Yeh,1991,293, Atomic Data and Nuclear Data Tables,
Yeh,1992,372, Atomic Data and Nuclear Data Tables,
Yeh,1993,469, Atomic Data and Nuclear Data Tables,
Yeh,1994,539, Atomic Data and Nuclear Data Tables,
Yeh,1995,629, Atomic Data and Nuclear Data Tables,
Yeh,1996,701, Atomic Data and Nuclear Data Tables,
Yeh,1997,778, Atomic Data and Nuclear Data Tables,
Yeh,1998,854, Atomic Data and Nuclear Data Tables,
Yeh,1999,922, Atomic Data and Nuclear Data Tables,
Yeh,2000,1006, Atomic Data and Nuclear Data Tables,
Yeh,2001,1082, Atomic Data and Nuclear Data Tables,
Yeh,2002,1173, Atomic Data and Nuclear Data Tables,
Yeh,2003,1244, Atomic Data and Nuclear Data Tables,
Yeh,2004,1320, Atomic Data and Nuclear Data Tables,
Yeh,2005,1405, Atomic Data and Nuclear Data Tables,
Yeh,2006,1481, Atomic Data and Nuclear Data Tables,
Yeh,2007,1548, Atomic Data and Nuclear Data Tables,
Yeh,2008,1634, Atomic Data and Nuclear Data Tables,
Yeh,2009,1707, Atomic Data and Nuclear Data Tables,
Yeh,2010,1772, Atomic Data and Nuclear Data Tables,
Yeh,2011,1835, Atomic Data and Nuclear Data Tables,
Yeh,2012,1904, Atomic Data and Nuclear Data Tables,
Yeh,2013,1980, Atomic Data and Nuclear Data Tables,
Yeh,2014,2047, Atomic Data and Nuclear Data Tables,
Yeh,2015,2116, Atomic Data and Nuclear Data Tables,
Yeh,2016,2173, Atomic Data and Nuclear Data Tables,
Yeh,2017,2229, Atomic Data and Nuclear Data Tables,
Yeh,2018,2231, Atomic Data and Nuclear Data Tables,
Davis,1985,19, The Astrophysical Journal,
Davis,1986,64, The Astrophysical Journal,
Davis,1987,116, The Astrophysical Journal,
Davis,1988,175, The Astrophysical Journal,
Davis,1989,219, The Astrophysical Journal,
Davis,1990,263, The Astrophysical Journal,
Davis,1991,323, The Astrophysical Journal,
Davis,1992,387, The Astrophysical Journal,
Davis,1993,461, The Astrophysical Journal,
Davis,1994,541, The Astrophysical Journal,
Davis,1995,583, The Astrophysical Journal,
Davis,1996,624, The Astrophysical Journal,
Davis,1997,650, The Astrophysical Journal,
Davis,1998,691, The Astrophysical Journal,
Davis,1999,737, The Astrophysical Journal,
Davis,2000,782, The Astrophysical Journal,
Davis,2001,821, The Astrophysical Journal,
Davis,2002,855, The Astrophysical Journal,
Davis,2003,893, The Astrophysical Journal,
Davis,2004,940, The Astrophysical Journal,
Davis,2005,995, The Astrophysical Journal,
Davis,2006,1045, The Astrophysical Journal,
Davis,2007,1106, The Astrophysical Journal,
Davis,2008,1172, The Astrophysical Journal,
Davis,2009,1252, The Astrophysical Journal,
Davis,2010,1328, The Astrophysical Journal,
Davis,2011,1403, The Astrophysical Journal,
Davis,2012,1483, The Astrophysical Journal,
Davis,2013,1567, The Astrophysical Journal,
Davis,2014,1669, The Astrophysical Journal,
Davis,2015,1784, The Astrophysical Journal,
Davis,2016,1891, The Astrophysical Journal,
Davis,2017,2016, The Astrophysical Journal,
Davis,2018,2018, The Astrophysical Journal,
Wolf,1985,2, Physica D Nonlinear Phenomena,
Wolf,1986,9, Physica D Nonlinear Phenomena,
Wolf,1987,27, Physica D Nonlinear Phenomena,
Wolf,1988,54, Physica D Nonlinear Phenomena,
Wolf,1989,88, Physica D Nonlinear Phenomena,
Wolf,1990,136, Physica D Nonlinear Phenomena,
Wolf,1991,182, Physica D Nonlinear Phenomena,
Wolf,1992,232, Physica D Nonlinear Phenomena,
Wolf,1993,288, Physica D Nonlinear Phenomena,
Wolf,1994,339, Physica D Nonlinear Phenomena,
Wolf,1995,402, Physica D Nonlinear Phenomena,
Wolf,1996,464, Physica D Nonlinear Phenomena,
Wolf,1997,550, Physica D Nonlinear Phenomena,
Wolf,1998,612, Physica D Nonlinear Phenomena,
Wolf,1999,675, Physica D Nonlinear Phenomena,
Wolf,2000,725, Physica D Nonlinear Phenomena,
Wolf,2001,783, Physica D Nonlinear Phenomena,
Wolf,2002,833, Physica D Nonlinear Phenomena,
Wolf,2003,873, Physica D Nonlinear Phenomena,
Wolf,2004,922, Physica D Nonlinear Phenomena,
Wolf,2005,976, Physica D Nonlinear Phenomena,
Wolf,2006,1048, Physica D Nonlinear Phenomena,
Wolf,2007,1117, Physica D Nonlinear Phenomena,
Wolf,2008,1197, Physica D Nonlinear Phenomena,
Wolf,2009,1269, Physica D Nonlinear Phenomena,
Wolf,2010,1336, Physica D Nonlinear Phenomena,
Wolf,2011,1403, Physica D Nonlinear Phenomena,
Wolf,2012,1469, Physica D Nonlinear Phenomena,
Wolf,2013,1547, Physica D Nonlinear Phenomena,
Wolf,2014,1618, Physica D Nonlinear Phenomena,
Wolf,2015,1695, Physica D Nonlinear Phenomena,
Wolf,2016,1786, Physica D Nonlinear Phenomena,
Wolf,2017,1891, Physica D Nonlinear Phenomena,
Wolf,2018,1895, Physica D Nonlinear Phenomena,
Kuzmin,1986,8, Physics Letters B,
Kuzmin,1987,21, Physics Letters B,
Kuzmin,1988,40, Physics Letters B,
Kuzmin,1989,59, Physics Letters B,
Kuzmin,1990,104, Physics Letters B,
Kuzmin,1991,156, Physics Letters B,
Kuzmin,1992,234, Physics Letters B,
Kuzmin,1993,315, Physics Letters B,
Kuzmin,1994,400, Physics Letters B,
Kuzmin,1995,445, Physics Letters B,
Kuzmin,1996,501, Physics Letters B,
Kuzmin,1997,547, Physics Letters B,
Kuzmin,1998,593, Physics Letters B,
Kuzmin,1999,643, Physics Letters B,
Kuzmin,2000,684, Physics Letters B,
Kuzmin,2001,728, Physics Letters B,
Kuzmin,2002,772, Physics Letters B,
Kuzmin,2003,817, Physics Letters B,
Kuzmin,2004,874, Physics Letters B,
Kuzmin,2005,926, Physics Letters B,
Kuzmin,2006,1003, Physics Letters B,
Kuzmin,2007,1055, Physics Letters B,
Kuzmin,2008,1108, Physics Letters B,
Kuzmin,2009,1156, Physics Letters B,
Kuzmin,2010,1199, Physics Letters B,
Kuzmin,2011,1253, Physics Letters B,
Kuzmin,2012,1317, Physics Letters B,
Kuzmin,2013,1379, Physics Letters B,
Kuzmin,2014,1439, Physics Letters B,
Kuzmin,2015,1503, Physics Letters B,
Kuzmin,2016,1584, Physics Letters B,
Kuzmin,2017,1636, Physics Letters B,
Vilenkin,1985,2, Physics Reports,
Vilenkin,1986,46, Physics Reports,
Vilenkin,1987,128, Physics Reports,
Vilenkin,1988,218, Physics Reports,
Vilenkin,1989,305, Physics Reports,
Vilenkin,1990,396, Physics Reports,
Vilenkin,1991,467, Physics Reports,
Vilenkin,1992,551, Physics Reports,
Vilenkin,1993,627, Physics Reports,
Vilenkin,1994,710, Physics Reports,
Vilenkin,1995,794, Physics Reports,
Vilenkin,1996,848, Physics Reports,
Vilenkin,1997,894, Physics Reports,
Vilenkin,1998,937, Physics Reports,
Vilenkin,1999,964, Physics Reports,
Vilenkin,2000,990, Physics Reports,
Vilenkin,2001,1023, Physics Reports,
Vilenkin,2002,1042, Physics Reports,
Vilenkin,2003,1064, Physics Reports,
Vilenkin,2004,1082, Physics Reports,
Vilenkin,2005,1104, Physics Reports,
Vilenkin,2006,1129, Physics Reports,
Vilenkin,2007,1152, Physics Reports,
Vilenkin,2008,1181, Physics Reports,
Vilenkin,2009,1206, Physics Reports,
Vilenkin,2010,1229, Physics Reports,
Vilenkin,2011,1254, Physics Reports,
Vilenkin,2012,1282, Physics Reports,
Vilenkin,2013,1300, Physics Reports,
Vilenkin,2014,1329, Physics Reports,
Vilenkin,2015,1353, Physics Reports,
Vilenkin,2016,1379, Physics Reports,
Vilenkin,2017,1389, Physics Reports,
Antonucci,1986,14, The Astrophysical Journal,
Antonucci,1987,26, The Astrophysical Journal,
Antonucci,1988,55, The Astrophysical Journal,
Antonucci,1989,95, The Astrophysical Journal,
Antonucci,1990,136, The Astrophysical Journal,
Antonucci,1991,179, The Astrophysical Journal,
Antonucci,1992,223, The Astrophysical Journal,
Antonucci,1993,300, The Astrophysical Journal,
Antonucci,1994,358, The Astrophysical Journal,
Antonucci,1995,413, The Astrophysical Journal,
Antonucci,1996,473, The Astrophysical Journal,
Antonucci,1997,526, The Astrophysical Journal,
Antonucci,1998,576, The Astrophysical Journal,
Antonucci,1999,629, The Astrophysical Journal,
Antonucci,2000,682, The Astrophysical Journal,
Antonucci,2001,726, The Astrophysical Journal,
Antonucci,2002,755, The Astrophysical Journal,
Antonucci,2003,790, The Astrophysical Journal,
Antonucci,2004,827, The Astrophysical Journal,
Antonucci,2005,863, The Astrophysical Journal,
Antonucci,2006,901, The Astrophysical Journal,
Antonucci,2007,942, The Astrophysical Journal,
Antonucci,2008,972, The Astrophysical Journal,
Antonucci,2009,997, The Astrophysical Journal,
Antonucci,2010,1032, The Astrophysical Journal,
Antonucci,2011,1057, The Astrophysical Journal,
Antonucci,2012,1086, The Astrophysical Journal,
Antonucci,2013,1111, The Astrophysical Journal,
Antonucci,2014,1145, The Astrophysical Journal,
Antonucci,2015,1177, The Astrophysical Journal,
Antonucci,2016,1227, The Astrophysical Journal,
Antonucci,2017,1253, The Astrophysical Journal,
Gross,1985,72, Physical Review Letters,
Gross,1986,290, Physical Review Letters,
Gross,1987,511, Physical Review Letters,
Gross,1988,618, Physical Review Letters,
Gross,1989,698, Physical Review Letters,
Gross,1990,757, Physical Review Letters,
Gross,1991,798, Physical Review Letters,
Gross,1992,826, Physical Review Letters,
Gross,1993,841, Physical Review Letters,
Gross,1994,869, Physical Review Letters,
Gross,1995,886, Physical Review Letters,
Gross,1996,901, Physical Review Letters,
Gross,1997,917, Physical Review Letters,
Gross,1998,928, Physical Review Letters,
Gross,1999,948, Physical Review Letters,
Gross,2000,959, Physical Review Letters,
Gross,2001,970, Physical Review Letters,
Gross,2002,983, Physical Review Letters,
Gross,2003,1003, Physical Review Letters,
Gross,2004,1015, Physical Review Letters,
Gross,2005,1026, Physical Review Letters,
Gross,2006,1044, Physical Review Letters,
Gross,2007,1065, Physical Review Letters,
Gross,2008,1086, Physical Review Letters,
Gross,2009,1098, Physical Review Letters,
Gross,2010,1113, Physical Review Letters,
Gross,2011,1133, Physical Review Letters,
Gross,2012,1148, Physical Review Letters,
Gross,2013,1157, Physical Review Letters,
Gross,2014,1168, Physical Review Letters,
Gross,2015,1180, Physical Review Letters,
Gross,2016,1187, Physical Review Letters,
Gross,2017,1196, Physical Review Letters,
Tanihata,1986,4, Physical Review Letters,
Tanihata,1987,12, Physical Review Letters,
Tanihata,1988,28, Physical Review Letters,
Tanihata,1989,36, Physical Review Letters,
Tanihata,1990,63, Physical Review Letters,
Tanihata,1991,88, Physical Review Letters,
Tanihata,1992,127, Physical Review Letters,
Tanihata,1993,167, Physical Review Letters,
Tanihata,1994,199, Physical Review Letters,
Tanihata,1995,240, Physical Review Letters,
Tanihata,1996,281, Physical Review Letters,
Tanihata,1997,316, Physical Review Letters,
Tanihata,1998,346, Physical Review Letters,
Tanihata,1999,378, Physical Review Letters,
Tanihata,2000,408, Physical Review Letters,
Tanihata,2001,445, Physical Review Letters,
Tanihata,2002,484, Physical Review Letters,
Tanihata,2003,528, Physical Review Letters,
Tanihata,2004,568, Physical Review Letters,
Tanihata,2005,607, Physical Review Letters,
Tanihata,2006,651, Physical Review Letters,
Tanihata,2007,686, Physical Review Letters,
Tanihata,2008,724, Physical Review Letters,
Tanihata,2009,769, Physical Review Letters,
Tanihata,2010,811, Physical Review Letters,
Tanihata,2011,852, Physical Review Letters,
Tanihata,2012,899, Physical Review Letters,
Tanihata,2013,951, Physical Review Letters,
Tanihata,2014,1015, Physical Review Letters,
Tanihata,2015,1052, Physical Review Letters,
Tanihata,2016,1114, Physical Review Letters,
Tanihata,2017,1148, Physical Review Letters,
Mewe,1985,1, Astronomy and Astrophysics Supplement Series,
Mewe,1986,8, Astronomy and Astrophysics Supplement Series,
Mewe,1987,18, Astronomy and Astrophysics Supplement Series,
Mewe,1988,43, Astronomy and Astrophysics Supplement Series,
Mewe,1989,68, Astronomy and Astrophysics Supplement Series,
Mewe,1990,87, Astronomy and Astrophysics Supplement Series,
Mewe,1991,111, Astronomy and Astrophysics Supplement Series,
Mewe,1992,126, Astronomy and Astrophysics Supplement Series,
Mewe,1993,146, Astronomy and Astrophysics Supplement Series,
Mewe,1994,178, Astronomy and Astrophysics Supplement Series,
Mewe,1995,212, Astronomy and Astrophysics Supplement Series,
Mewe,1996,247, Astronomy and Astrophysics Supplement Series,
Mewe,1997,291, Astronomy and Astrophysics Supplement Series,
Mewe,1998,322, Astronomy and Astrophysics Supplement Series,
Mewe,1999,363, Astronomy and Astrophysics Supplement Series,
Mewe,2000,418, Astronomy and Astrophysics Supplement Series,
Mewe,2001,472, Astronomy and Astrophysics Supplement Series,
Mewe,2002,537, Astronomy and Astrophysics Supplement Series,
Mewe,2003,589, Astronomy and Astrophysics Supplement Series,
Mewe,2004,663, Astronomy and Astrophysics Supplement Series,
Mewe,2005,730, Astronomy and Astrophysics Supplement Series,
Mewe,2006,781, Astronomy and Astrophysics Supplement Series,
Mewe,2007,813, Astronomy and Astrophysics Supplement Series,
Mewe,2008,851, Astronomy and Astrophysics Supplement Series,
Mewe,2009,901, Astronomy and Astrophysics Supplement Series,
Mewe,2010,943, Astronomy and Astrophysics Supplement Series,
Mewe,2011,976, Astronomy and Astrophysics Supplement Series,
Mewe,2012,1013, Astronomy and Astrophysics Supplement Series,
Mewe,2013,1042, Astronomy and Astrophysics Supplement Series,
Mewe,2014,1068, Astronomy and Astrophysics Supplement Series,
Mewe,2015,1080, Astronomy and Astrophysics Supplement Series,
Mewe,2016,1104, Astronomy and Astrophysics Supplement Series,
Mewe,2017,1122, Astronomy and Astrophysics Supplement Series,
Arnaud,1985,2, Astronomy and Astrophysics Supplement Series,
Arnaud,1986,15, Astronomy and Astrophysics Supplement Series,
Arnaud,1987,44, Astronomy and Astrophysics Supplement Series,
Arnaud,1988,62, Astronomy and Astrophysics Supplement Series,
Arnaud,1989,89, Astronomy and Astrophysics Supplement Series,
Arnaud,1990,118, Astronomy and Astrophysics Supplement Series,
Arnaud,1991,157, Astronomy and Astrophysics Supplement Series,
Arnaud,1992,194, Astronomy and Astrophysics Supplement Series,
Arnaud,1993,235, Astronomy and Astrophysics Supplement Series,
Arnaud,1994,291, Astronomy and Astrophysics Supplement Series,
Arnaud,1995,338, Astronomy and Astrophysics Supplement Series,
Arnaud,1996,379, Astronomy and Astrophysics Supplement Series,
Arnaud,1997,451, Astronomy and Astrophysics Supplement Series,
Arnaud,1998,534, Astronomy and Astrophysics Supplement Series,
Arnaud,1999,620, Astronomy and Astrophysics Supplement Series,
Arnaud,2000,683, Astronomy and Astrophysics Supplement Series,
Arnaud,2001,737, Astronomy and Astrophysics Supplement Series,
Arnaud,2002,778, Astronomy and Astrophysics Supplement Series,
Arnaud,2003,828, Astronomy and Astrophysics Supplement Series,
Arnaud,2004,865, Astronomy and Astrophysics Supplement Series,
Arnaud,2005,897, Astronomy and Astrophysics Supplement Series,
Arnaud,2006,926, Astronomy and Astrophysics Supplement Series,
Arnaud,2007,945, Astronomy and Astrophysics Supplement Series,
Arnaud,2008,967, Astronomy and Astrophysics Supplement Series,
Arnaud,2009,984, Astronomy and Astrophysics Supplement Series,
Arnaud,2010,1000, Astronomy and Astrophysics Supplement Series,
Arnaud,2011,1023, Astronomy and Astrophysics Supplement Series,
Arnaud,2012,1035, Astronomy and Astrophysics Supplement Series,
Arnaud,2013,1054, Astronomy and Astrophysics Supplement Series,
Arnaud,2014,1065, Astronomy and Astrophysics Supplement Series,
Arnaud,2015,1079, Astronomy and Astrophysics Supplement Series,
Arnaud,2016,1092, Astronomy and Astrophysics Supplement Series,
Arnaud,2017,1104, Astronomy and Astrophysics Supplement Series,
Tielens,1985,5, The Astrophysical Journal,
Tielens,1986,14, The Astrophysical Journal,
Tielens,1987,23, The Astrophysical Journal,
Tielens,1988,39, The Astrophysical Journal,
Tielens,1989,62, The Astrophysical Journal,
Tielens,1990,88, The Astrophysical Journal,
Tielens,1991,122, The Astrophysical Journal,
Tielens,1992,145, The Astrophysical Journal,
Tielens,1993,186, The Astrophysical Journal,
Tielens,1994,224, The Astrophysical Journal,
Tielens,1995,258, The Astrophysical Journal,
Tielens,1996,294, The Astrophysical Journal,
Tielens,1997,327, The Astrophysical Journal,
Tielens,1998,364, The Astrophysical Journal,
Tielens,1999,395, The Astrophysical Journal,
Tielens,2000,430, The Astrophysical Journal,
Tielens,2001,462, The Astrophysical Journal,
Tielens,2002,493, The Astrophysical Journal,
Tielens,2003,514, The Astrophysical Journal,
Tielens,2004,543, The Astrophysical Journal,
Tielens,2005,567, The Astrophysical Journal,
Tielens,2006,598, The Astrophysical Journal,
Tielens,2007,619, The Astrophysical Journal,
Tielens,2008,636, The Astrophysical Journal,
Tielens,2009,665, The Astrophysical Journal,
Tielens,2010,689, The Astrophysical Journal,
Tielens,2011,711, The Astrophysical Journal,
Tielens,2012,747, The Astrophysical Journal,
Tielens,2013,790, The Astrophysical Journal,
Tielens,2014,823, The Astrophysical Journal,
Tielens,2015,861, The Astrophysical Journal,
Tielens,2016,897, The Astrophysical Journal,
Tielens,2017,939, The Astrophysical Journal,
Zinn,1985,5, The Astrophysical Journal,
Zinn,1986,28, The Astrophysical Journal,
Zinn,1987,60, The Astrophysical Journal,
Zinn,1988,88, The Astrophysical Journal,
Zinn,1989,117, The Astrophysical Journal,
Zinn,1990,148, The Astrophysical Journal,
Zinn,1991,199, The Astrophysical Journal,
Zinn,1992,250, The Astrophysical Journal,
Zinn,1993,299, The Astrophysical Journal,
Zinn,1994,348, The Astrophysical Journal,
Zinn,1995,398, The Astrophysical Journal,
Zinn,1996,440, The Astrophysical Journal,
Zinn,1997,490, The Astrophysical Journal,
Zinn,1998,520, The Astrophysical Journal,
Zinn,1999,551, The Astrophysical Journal,
Zinn,2000,590, The Astrophysical Journal,
Zinn,2001,616, The Astrophysical Journal,
Zinn,2002,642, The Astrophysical Journal,
Zinn,2003,658, The Astrophysical Journal,
Zinn,2004,683, The Astrophysical Journal,
Zinn,2005,704, The Astrophysical Journal,
Zinn,2006,726, The Astrophysical Journal,
Zinn,2007,740, The Astrophysical Journal,
Zinn,2008,753, The Astrophysical Journal,
Zinn,2009,773, The Astrophysical Journal,
Zinn,2010,800, The Astrophysical Journal,
Zinn,2011,815, The Astrophysical Journal,
Zinn,2012,833, The Astrophysical Journal,
Zinn,2013,851, The Astrophysical Journal,
Zinn,2014,864, The Astrophysical Journal,
Zinn,2015,874, The Astrophysical Journal,
Zinn,2016,887, The Astrophysical Journal,
Zinn,2017,900, The Astrophysical Journal,
Binggeli,1985,2, The Astronomical Journal,
Binggeli,1986,15, The Astronomical Journal,
Binggeli,1987,31, The Astronomical Journal,
Binggeli,1988,56, The Astronomical Journal,
Binggeli,1989,85, The Astronomical Journal,
Binggeli,1990,117, The Astronomical Journal,
Binggeli,1991,139, The Astronomical Journal,
Binggeli,1992,160, The Astronomical Journal,
Binggeli,1993,185, The Astronomical Journal,
Binggeli,1994,208, The Astronomical Journal,
Binggeli,1995,241, The Astronomical Journal,
Binggeli,1996,275, The Astronomical Journal,
Binggeli,1997,308, The Astronomical Journal,
Binggeli,1998,337, The Astronomical Journal,
Binggeli,1999,364, The Astronomical Journal,
Binggeli,2000,395, The Astronomical Journal,
Binggeli,2001,420, The Astronomical Journal,
Binggeli,2002,457, The Astronomical Journal,
Binggeli,2003,481, The Astronomical Journal,
Binggeli,2004,510, The Astronomical Journal,
Binggeli,2005,532, The Astronomical Journal,
Binggeli,2006,565, The Astronomical Journal,
Binggeli,2007,590, The Astronomical Journal,
Binggeli,2008,617, The Astronomical Journal,
Binggeli,2009,649, The Astronomical Journal,
Binggeli,2010,676, The Astronomical Journal,
Binggeli,2011,695, The Astronomical Journal,
Binggeli,2012,725, The Astronomical Journal,
Binggeli,2013,749, The Astronomical Journal,
Binggeli,2014,774, The Astronomical Journal,
Binggeli,2015,799, The Astronomical Journal,
Binggeli,2016,829, The Astronomical Journal,
Binggeli,2017,847, The Astronomical Journal,
Affleck,1985,2, Nuclear Physics B,
Affleck,1986,11, Nuclear Physics B,
Affleck,1987,27, Nuclear Physics B,
Affleck,1988,41, Nuclear Physics B,
Affleck,1989,47, Nuclear Physics B,
Affleck,1990,52, Nuclear Physics B,
Affleck,1991,60, Nuclear Physics B,
Affleck,1992,66, Nuclear Physics B,
Affleck,1993,73, Nuclear Physics B,
Affleck,1994,87, Nuclear Physics B,
Affleck,1995,99, Nuclear Physics B,
Affleck,1996,122, Nuclear Physics B,
Affleck,1997,137, Nuclear Physics B,
Affleck,1998,159, Nuclear Physics B,
Affleck,1999,186, Nuclear Physics B,
Affleck,2000,229, Nuclear Physics B,
Affleck,2001,257, Nuclear Physics B,
Affleck,2002,298, Nuclear Physics B,
Affleck,2003,327, Nuclear Physics B,
Affleck,2004,368, Nuclear Physics B,
Affleck,2005,403, Nuclear Physics B,
Affleck,2006,428, Nuclear Physics B,
Affleck,2007,460, Nuclear Physics B,
Affleck,2008,490, Nuclear Physics B,
Affleck,2009,515, Nuclear Physics B,
Affleck,2010,540, Nuclear Physics B,
Affleck,2011,579, Nuclear Physics B,
Affleck,2012,604, Nuclear Physics B,
Affleck,2013,639, Nuclear Physics B,
Affleck,2014,680, Nuclear Physics B,
Affleck,2015,713, Nuclear Physics B,
Affleck,2016,753, Nuclear Physics B,
Affleck,2017,776, Nuclear Physics B,
't Hooft,1986,2, Nuclear Physics B,
't Hooft,1987,5, Nuclear Physics B,
't Hooft,1988,6, Nuclear Physics B,
't Hooft,1989,7, Nuclear Physics B,
't Hooft,1990,9, Nuclear Physics B,
't Hooft,1991,12, Nuclear Physics B,
't Hooft,1992,15, Nuclear Physics B,
't Hooft,1993,19, Nuclear Physics B,
't Hooft,1994,39, Nuclear Physics B,
't Hooft,1995,81, Nuclear Physics B,
't Hooft,1996,127, Nuclear Physics B,
't Hooft,1997,159, Nuclear Physics B,
't Hooft,1998,185, Nuclear Physics B,
't Hooft,1999,208, Nuclear Physics B,
't Hooft,2000,239, Nuclear Physics B,
't Hooft,2001,271, Nuclear Physics B,
't Hooft,2002,306, Nuclear Physics B,
't Hooft,2003,332, Nuclear Physics B,
't Hooft,2004,360, Nuclear Physics B,
't Hooft,2005,388, Nuclear Physics B,
't Hooft,2006,426, Nuclear Physics B,
't Hooft,2007,456, Nuclear Physics B,
't Hooft,2008,501, Nuclear Physics B,
't Hooft,2009,537, Nuclear Physics B,
't Hooft,2010,564, Nuclear Physics B,
't Hooft,2011,585, Nuclear Physics B,
't Hooft,2012,605, Nuclear Physics B,
't Hooft,2013,645, Nuclear Physics B,
't Hooft,2014,675, Nuclear Physics B,
't Hooft,2015,692, Nuclear Physics B,
't Hooft,2016,721, Nuclear Physics B,
't Hooft,2017,741, Nuclear Physics B,
Marscher,1986,7, The Astrophysical Journal,
Marscher,1987,12, The Astrophysical Journal,
Marscher,1988,23, The Astrophysical Journal,
Marscher,1989,31, The Astrophysical Journal,
Marscher,1990,40, The Astrophysical Journal,
Marscher,1991,53, The Astrophysical Journal,
Marscher,1992,62, The Astrophysical Journal,
Marscher,1993,80, The Astrophysical Journal,
Marscher,1994,103, The Astrophysical Journal,
Marscher,1995,126, The Astrophysical Journal,
Marscher,1996,145, The Astrophysical Journal,
Marscher,1997,168, The Astrophysical Journal,
Marscher,1998,187, The Astrophysical Journal,
Marscher,1999,215, The Astrophysical Journal,
Marscher,2000,235, The Astrophysical Journal,
Marscher,2001,259, The Astrophysical Journal,
Marscher,2002,285, The Astrophysical Journal,
Marscher,2003,297, The Astrophysical Journal,
Marscher,2004,312, The Astrophysical Journal,
Marscher,2005,329, The Astrophysical Journal,
Marscher,2006,343, The Astrophysical Journal,
Marscher,2007,365, The Astrophysical Journal,
Marscher,2008,382, The Astrophysical Journal,
Marscher,2009,402, The Astrophysical Journal,
Marscher,2010,422, The Astrophysical Journal,
Marscher,2011,461, The Astrophysical Journal,
Marscher,2012,487, The Astrophysical Journal,
Marscher,2013,520, The Astrophysical Journal,
Marscher,2014,551, The Astrophysical Journal,
Marscher,2015,593, The Astrophysical Journal,
Marscher,2016,645, The Astrophysical Journal,
Marscher,2017,696, The Astrophysical Journal,
Boulware,1986,8, Physical Review Letters,
Boulware,1987,29, Physical Review Letters,
Boulware,1988,47, Physical Review Letters,
Boulware,1989,62, Physical Review Letters,
Boulware,1990,74, Physical Review Letters,
Boulware,1991,87, Physical Review Letters,
Boulware,1992,94, Physical Review Letters,
Boulware,1993,99, Physical Review Letters,
Boulware,1994,103, Physical Review Letters,
Boulware,1995,107, Physical Review Letters,
Boulware,1996,112, Physical Review Letters,
Boulware,1997,119, Physical Review Letters,
Boulware,1998,120, Physical Review Letters,
Boulware,1999,120, Physical Review Letters,
Boulware,2000,128, Physical Review Letters,
Boulware,2001,135, Physical Review Letters,
Boulware,2002,148, Physical Review Letters,
Boulware,2003,165, Physical Review Letters,
Boulware,2004,182, Physical Review Letters,
Boulware,2005,215, Physical Review Letters,
Boulware,2006,243, Physical Review Letters,
Boulware,2007,277, Physical Review Letters,
Boulware,2008,327, Physical Review Letters,
Boulware,2009,372, Physical Review Letters,
Boulware,2010,433, Physical Review Letters,
Boulware,2011,492, Physical Review Letters,
Boulware,2012,535, Physical Review Letters,
Boulware,2013,583, Physical Review Letters,
Boulware,2014,635, Physical Review Letters,
Boulware,2015,689, Physical Review Letters,
Boulware,2016,728, Physical Review Letters,
Boulware,2017,777, Physical Review Letters,
Helou,1986,14, The Astrophysical Journal,
Helou,1987,24, The Astrophysical Journal,
Helou,1988,56, The Astrophysical Journal,
Helou,1989,76, The Astrophysical Journal,
Helou,1990,95, The Astrophysical Journal,
Helou,1991,111, The Astrophysical Journal,
Helou,1992,133, The Astrophysical Journal,
Helou,1993,151, The Astrophysical Journal,
Helou,1994,166, The Astrophysical Journal,
Helou,1995,184, The Astrophysical Journal,
Helou,1996,199, The Astrophysical Journal,
Helou,1997,213, The Astrophysical Journal,
Helou,1998,237, The Astrophysical Journal,
Helou,1999,264, The Astrophysical Journal,
Helou,2000,282, The Astrophysical Journal,
Helou,2001,318, The Astrophysical Journal,
Helou,2002,339, The Astrophysical Journal,
Helou,2003,371, The Astrophysical Journal,
Helou,2004,396, The Astrophysical Journal,
Helou,2005,422, The Astrophysical Journal,
Helou,2006,446, The Astrophysical Journal,
Helou,2007,473, The Astrophysical Journal,
Helou,2008,494, The Astrophysical Journal,
Helou,2009,524, The Astrophysical Journal,
Helou,2010,567, The Astrophysical Journal,
Helou,2011,594, The Astrophysical Journal,
Helou,2012,620, The Astrophysical Journal,
Helou,2013,653, The Astrophysical Journal,
Helou,2014,683, The Astrophysical Journal,
Helou,2015,714, The Astrophysical Journal,
Helou,2016,734, The Astrophysical Journal,
Helou,2017,763, The Astrophysical Journal,
van Albada,1986,12, Physical Review Letters,
van Albada,1987,55, Physical Review Letters,
van Albada,1988,85, Physical Review Letters,
van Albada,1989,116, Physical Review Letters,
van Albada,1990,154, Physical Review Letters,
van Albada,1991,184, Physical Review Letters,
van Albada,1992,206, Physical Review Letters,
van Albada,1993,236, Physical Review Letters,
van Albada,1994,260, Physical Review Letters,
van Albada,1995,286, Physical Review Letters,
van Albada,1996,308, Physical Review Letters,
van Albada,1997,326, Physical Review Letters,
van Albada,1998,347, Physical Review Letters,
van Albada,1999,367, Physical Review Letters,
van Albada,2000,400, Physical Review Letters,
van Albada,2001,421, Physical Review Letters,
van Albada,2002,450, Physical Review Letters,
van Albada,2003,478, Physical Review Letters,
van Albada,2004,505, Physical Review Letters,
van Albada,2005,531, Physical Review Letters,
van Albada,2006,565, Physical Review Letters,
van Albada,2007,589, Physical Review Letters,
van Albada,2008,611, Physical Review Letters,
van Albada,2009,638, Physical Review Letters,
van Albada,2010,660, Physical Review Letters,
van Albada,2011,684, Physical Review Letters,
van Albada,2012,714, Physical Review Letters,
van Albada,2013,735, Physical Review Letters,
van Albada,2014,762, Physical Review Letters,
van Albada,2015,769, Physical Review Letters,
van Albada,2016,784, Physical Review Letters,
van Albada,2017,807, Physical Review Letters,
Allamandola,1985,8, The Astrophysical Journal,
Allamandola,1986,22, The Astrophysical Journal,
Allamandola,1987,46, The Astrophysical Journal,
Allamandola,1988,73, The Astrophysical Journal,
Allamandola,1989,101, The Astrophysical Journal,
Allamandola,1990,129, The Astrophysical Journal,
Allamandola,1991,147, The Astrophysical Journal,
Allamandola,1992,182, The Astrophysical Journal,
Allamandola,1993,207, The Astrophysical Journal,
Allamandola,1994,229, The Astrophysical Journal,
Allamandola,1995,256, The Astrophysical Journal,
Allamandola,1996,282, The Astrophysical Journal,
Allamandola,1997,296, The Astrophysical Journal,
Allamandola,1998,312, The Astrophysical Journal,
Allamandola,1999,333, The Astrophysical Journal,
Allamandola,2000,352, The Astrophysical Journal,
Allamandola,2001,376, The Astrophysical Journal,
Allamandola,2002,395, The Astrophysical Journal,
Allamandola,2003,410, The Astrophysical Journal,
Allamandola,2004,423, The Astrophysical Journal,
Allamandola,2005,449, The Astrophysical Journal,
Allamandola,2006,468, The Astrophysical Journal,
Allamandola,2007,491, The Astrophysical Journal,
Allamandola,2008,509, The Astrophysical Journal,
Allamandola,2009,531, The Astrophysical Journal,
Allamandola,2010,552, The Astrophysical Journal,
Allamandola,2011,578, The Astrophysical Journal,
Allamandola,2012,601, The Astrophysical Journal,
Allamandola,2013,626, The Astrophysical Journal,
Allamandola,2014,655, The Astrophysical Journal,
Allamandola,2015,688, The Astrophysical Journal,
Allamandola,2016,713, The Astrophysical Journal,
Allamandola,2017,736, The Astrophysical Journal,
Goodman,1985,2, Physical Review D,
Goodman,1986,15, Physical Review D,
Goodman,1987,32, Physical Review D,
Goodman,1988,55, Physical Review D,
Goodman,1989,76, Physical Review D,
Goodman,1990,100, Physical Review D,
Goodman,1991,112, Physical Review D,
Goodman,1992,131, Physical Review D,
Goodman,1993,149, Physical Review D,
Goodman,1994,167, Physical Review D,
Goodman,1995,185, Physical Review D,
Goodman,1996,209, Physical Review D,
Goodman,1997,219, Physical Review D,
Goodman,1998,229, Physical Review D,
Goodman,1999,240, Physical Review D,
Goodman,2000,250, Physical Review D,
Goodman,2001,273, Physical Review D,
Goodman,2002,287, Physical Review D,
Goodman,2003,299, Physical Review D,
Goodman,2004,327, Physical Review D,
Goodman,2005,353, Physical Review D,
Goodman,2006,368, Physical Review D,
Goodman,2007,393, Physical Review D,
Goodman,2008,418, Physical Review D,
Goodman,2009,439, Physical Review D,
Goodman,2010,463, Physical Review D,
Goodman,2011,487, Physical Review D,
Goodman,2012,519, Physical Review D,
Goodman,2013,563, Physical Review D,
Goodman,2014,612, Physical Review D,
Goodman,2015,650, Physical Review D,
Goodman,2016,695, Physical Review D,
Goodman,2017,721, Physical Review D,
Wolf,1986,12, Physical Review Letters,
Wolf,1987,55, Physical Review Letters,
Wolf,1988,85, Physical Review Letters,
Wolf,1989,117, Physical Review Letters,
Wolf,1990,157, Physical Review Letters,
Wolf,1991,185, Physical Review Letters,
Wolf,1992,208, Physical Review Letters,
Wolf,1993,238, Physical Review Letters,
Wolf,1994,259, Physical Review Letters,
Wolf,1995,278, Physical Review Letters,
Wolf,1996,301, Physical Review Letters,
Wolf,1997,323, Physical Review Letters,
Wolf,1998,343, Physical Review Letters,
Wolf,1999,366, Physical Review Letters,
Wolf,2000,398, Physical Review Letters,
Wolf,2001,417, Physical Review Letters,
Wolf,2002,441, Physical Review Letters,
Wolf,2003,469, Physical Review Letters,
Wolf,2004,495, Physical Review Letters,
Wolf,2005,526, Physical Review Letters,
Wolf,2006,556, Physical Review Letters,
Wolf,2007,583, Physical Review Letters,
Wolf,2008,605, Physical Review Letters,
Wolf,2009,632, Physical Review Letters,
Wolf,2010,651, Physical Review Letters,
Wolf,2011,675, Physical Review Letters,
Wolf,2012,706, Physical Review Letters,
Wolf,2013,726, Physical Review Letters,
Wolf,2014,751, Physical Review Letters,
Wolf,2015,764, Physical Review Letters,
Wolf,2016,781, Physical Review Letters,
Wolf,2017,802, Physical Review Letters,
Zurek,1985,1, Nature,
Zurek,1986,3, Nature,
Zurek,1987,6, Nature,
Zurek,1988,8, Nature,
Zurek,1989,9, Nature,
Zurek,1990,12, Nature,
Zurek,1991,13, Nature,
Zurek,1992,20, Nature,
Zurek,1993,24, Nature,
Zurek,1994,30, Nature,
Zurek,1995,32, Nature,
Zurek,1996,44, Nature,
Zurek,1997,50, Nature,
Zurek,1998,66, Nature,
Zurek,1999,85, Nature,
Zurek,2000,101, Nature,
Zurek,2001,111, Nature,
Zurek,2002,133, Nature,
Zurek,2003,148, Nature,
Zurek,2004,157, Nature,
Zurek,2005,174, Nature,
Zurek,2006,190, Nature,
Zurek,2007,213, Nature,
Zurek,2008,242, Nature,
Zurek,2009,274, Nature,
Zurek,2010,328, Nature,
Zurek,2011,362, Nature,
Zurek,2012,409, Nature,
Zurek,2013,467, Nature,
Zurek,2014,520, Nature,
Zurek,2015,580, Nature,
Zurek,2016,668, Nature,
Zurek,2017,717, Nature,
Mikheyev,1986,3, Yadernaya Fizika,
Mikheyev,1987,27, Yadernaya Fizika,
Mikheyev,1988,53, Yadernaya Fizika,
Mikheyev,1989,69, Yadernaya Fizika,
Mikheyev,1990,93, Yadernaya Fizika,
Mikheyev,1991,130, Yadernaya Fizika,
Mikheyev,1992,175, Yadernaya Fizika,
Mikheyev,1993,206, Yadernaya Fizika,
Mikheyev,1994,239, Yadernaya Fizika,
Mikheyev,1995,269, Yadernaya Fizika,
Mikheyev,1996,300, Yadernaya Fizika,
Mikheyev,1997,310, Yadernaya Fizika,
Mikheyev,1998,328, Yadernaya Fizika,
Mikheyev,1999,349, Yadernaya Fizika,
Mikheyev,2000,371, Yadernaya Fizika,
Mikheyev,2001,392, Yadernaya Fizika,
Mikheyev,2002,409, Yadernaya Fizika,
Mikheyev,2003,430, Yadernaya Fizika,
Mikheyev,2004,452, Yadernaya Fizika,
Mikheyev,2005,478, Yadernaya Fizika,
Mikheyev,2006,509, Yadernaya Fizika,
Mikheyev,2007,535, Yadernaya Fizika,
Mikheyev,2008,555, Yadernaya Fizika,
Mikheyev,2009,577, Yadernaya Fizika,
Mikheyev,2010,590, Yadernaya Fizika,
Mikheyev,2011,607, Yadernaya Fizika,
Mikheyev,2012,626, Yadernaya Fizika,
Mikheyev,2013,643, Yadernaya Fizika,
Mikheyev,2014,657, Yadernaya Fizika,
Mikheyev,2015,673, Yadernaya Fizika,
Mikheyev,2016,696, Yadernaya Fizika,
Mikheyev,2017,713, Yadernaya Fizika,
Matthews,1985,23, Physical Review Letters,
Matthews,1986,70, Physical Review Letters,
Matthews,1987,124, Physical Review Letters,
Matthews,1988,189, Physical Review Letters,
Matthews,1989,231, Physical Review Letters,
Matthews,1990,286, Physical Review Letters,
Matthews,1991,323, Physical Review Letters,
Matthews,1992,353, Physical Review Letters,
Matthews,1993,389, Physical Review Letters,
Matthews,1994,428, Physical Review Letters,
Matthews,1995,462, Physical Review Letters,
Matthews,1996,506, Physical Review Letters,
Matthews,1997,534, Physical Review Letters,
Matthews,1998,560, Physical Review Letters,
Matthews,1999,573, Physical Review Letters,
Matthews,2000,585, Physical Review Letters,
Matthews,2001,601, Physical Review Letters,
Matthews,2002,611, Physical Review Letters,
Matthews,2003,628, Physical Review Letters,
Matthews,2004,637, Physical Review Letters,
Matthews,2005,647, Physical Review Letters,
Matthews,2006,659, Physical Review Letters,
Matthews,2007,667, Physical Review Letters,
Matthews,2008,682, Physical Review Letters,
Matthews,2009,692, Physical Review Letters,
Matthews,2010,697, Physical Review Letters,
Matthews,2011,702, Physical Review Letters,
Matthews,2012,711, Physical Review Letters,
Matthews,2013,717, Physical Review Letters,
Matthews,2014,727, Physical Review Letters,
Matthews,2015,730, Physical Review Letters,
Matthews,2016,741, Physical Review Letters,
Matthews,2017,743, Physical Review Letters,
Lada,1985,6, Annual Review of Astronomy and Astrophysics,
Lada,1986,35, Annual Review of Astronomy and Astrophysics,
Lada,1987,80, Annual Review of Astronomy and Astrophysics,
Lada,1988,129, Annual Review of Astronomy and Astrophysics,
Lada,1989,180, Annual Review of Astronomy and Astrophysics,
Lada,1990,221, Annual Review of Astronomy and Astrophysics,
Lada,1991,258, Annual Review of Astronomy and Astrophysics,
Lada,1992,305, Annual Review of Astronomy and Astrophysics,
Lada,1993,344, Annual Review of Astronomy and Astrophysics,
Lada,1994,372, Annual Review of Astronomy and Astrophysics,
Lada,1995,402, Annual Review of Astronomy and Astrophysics,
Lada,1996,422, Annual Review of Astronomy and Astrophysics,
Lada,1997,453, Annual Review of Astronomy and Astrophysics,
Lada,1998,480, Annual Review of Astronomy and Astrophysics,
Lada,1999,497, Annual Review of Astronomy and Astrophysics,
Lada,2000,512, Annual Review of Astronomy and Astrophysics,
Lada,2001,525, Annual Review of Astronomy and Astrophysics,
Lada,2002,540, Annual Review of Astronomy and Astrophysics,
Lada,2003,549, Annual Review of Astronomy and Astrophysics,
Lada,2004,556, Annual Review of Astronomy and Astrophysics,
Lada,2005,561, Annual Review of Astronomy and Astrophysics,
Lada,2006,576, Annual Review of Astronomy and Astrophysics,
Lada,2007,585, Annual Review of Astronomy and Astrophysics,
Lada,2008,598, Annual Review of Astronomy and Astrophysics,
Lada,2009,606, Annual Review of Astronomy and Astrophysics,
Lada,2010,607, Annual Review of Astronomy and Astrophysics,
Lada,2011,614, Annual Review of Astronomy and Astrophysics,
Lada,2012,621, Annual Review of Astronomy and Astrophysics,
Lada,2013,629, Annual Review of Astronomy and Astrophysics,
Lada,2014,635, Annual Review of Astronomy and Astrophysics,
Lada,2015,643, Annual Review of Astronomy and Astrophysics,
Lada,2016,648, Annual Review of Astronomy and Astrophysics,
Lada,2017,649, Annual Review of Astronomy and Astrophysics,
Dulk,1985,3, Annual Review of Astronomy and Astrophysics,
Dulk,1986,19, Annual Review of Astronomy and Astrophysics,
Dulk,1987,39, Annual Review of Astronomy and Astrophysics,
Dulk,1988,55, Annual Review of Astronomy and Astrophysics,
Dulk,1989,74, Annual Review of Astronomy and Astrophysics,
Dulk,1990,94, Annual Review of Astronomy and Astrophysics,
Dulk,1991,112, Annual Review of Astronomy and Astrophysics,
Dulk,1992,134, Annual Review of Astronomy and Astrophysics,
Dulk,1993,162, Annual Review of Astronomy and Astrophysics,
Dulk,1994,191, Annual Review of Astronomy and Astrophysics,
Dulk,1995,211, Annual Review of Astronomy and Astrophysics,
Dulk,1996,229, Annual Review of Astronomy and Astrophysics,
Dulk,1997,240, Annual Review of Astronomy and Astrophysics,
Dulk,1998,256, Annual Review of Astronomy and Astrophysics,
Dulk,1999,272, Annual Review of Astronomy and Astrophysics,
Dulk,2000,291, Annual Review of Astronomy and Astrophysics,
Dulk,2001,304, Annual Review of Astronomy and Astrophysics,
Dulk,2002,334, Annual Review of Astronomy and Astrophysics,
Dulk,2003,363, Annual Review of Astronomy and Astrophysics,
Dulk,2004,376, Annual Review of Astronomy and Astrophysics,
Dulk,2005,393, Annual Review of Astronomy and Astrophysics,
Dulk,2006,417, Annual Review of Astronomy and Astrophysics,
Dulk,2007,436, Annual Review of Astronomy and Astrophysics,
Dulk,2008,459, Annual Review of Astronomy and Astrophysics,
Dulk,2009,482, Annual Review of Astronomy and Astrophysics,
Dulk,2010,499, Annual Review of Astronomy and Astrophysics,
Dulk,2011,520, Annual Review of Astronomy and Astrophysics,
Dulk,2012,541, Annual Review of Astronomy and Astrophysics,
Dulk,2013,571, Annual Review of Astronomy and Astrophysics,
Dulk,2014,594, Annual Review of Astronomy and Astrophysics,
Dulk,2015,617, Annual Review of Astronomy and Astrophysics,
Dulk,2016,646, Annual Review of Astronomy and Astrophysics,
Dulk,2017,673, Annual Review of Astronomy and Astrophysics,
Lucchin,1985,2, Physical Review D,
Lucchin,1986,10, Physical Review D,
Lucchin,1987,18, Physical Review D,
Lucchin,1988,33, Physical Review D,
Lucchin,1989,40, Physical Review D,
Lucchin,1990,57, Physical Review D,
Lucchin,1991,81, Physical Review D,
Lucchin,1992,107, Physical Review D,
Lucchin,1993,146, Physical Review D,
Lucchin,1994,175, Physical Review D,
Lucchin,1995,198, Physical Review D,
Lucchin,1996,208, Physical Review D,
Lucchin,1997,216, Physical Review D,
Lucchin,1998,235, Physical Review D,
Lucchin,1999,261, Physical Review D,
Lucchin,2000,282, Physical Review D,
Lucchin,2001,297, Physical Review D,
Lucchin,2002,314, Physical Review D,
Lucchin,2003,326, Physical Review D,
Lucchin,2004,352, Physical Review D,
Lucchin,2005,367, Physical Review D,
Lucchin,2006,381, Physical Review D,
Lucchin,2007,400, Physical Review D,
Lucchin,2008,415, Physical Review D,
Lucchin,2009,427, Physical Review D,
Lucchin,2010,442, Physical Review D,
Lucchin,2011,460, Physical Review D,
Lucchin,2012,480, Physical Review D,
Lucchin,2013,507, Physical Review D,
Lucchin,2014,540, Physical Review D,
Lucchin,2015,565, Physical Review D,
Lucchin,2016,591, Physical Review D,
Lucchin,2017,614, Physical Review D,
Forman,1985,2, The Astrophysical Journal,
Forman,1986,31, The Astrophysical Journal,
Forman,1987,73, The Astrophysical Journal,
Forman,1988,109, The Astrophysical Journal,
Forman,1989,142, The Astrophysical Journal,
Forman,1990,175, The Astrophysical Journal,
Forman,1991,205, The Astrophysical Journal,
Forman,1992,230, The Astrophysical Journal,
Forman,1993,255, The Astrophysical Journal,
Forman,1994,285, The Astrophysical Journal,
Forman,1995,312, The Astrophysical Journal,
Forman,1996,338, The Astrophysical Journal,
Forman,1997,355, The Astrophysical Journal,
Forman,1998,381, The Astrophysical Journal,
Forman,1999,403, The Astrophysical Journal,
Forman,2000,417, The Astrophysical Journal,
Forman,2001,432, The Astrophysical Journal,
Forman,2002,446, The Astrophysical Journal,
Forman,2003,459, The Astrophysical Journal,
Forman,2004,473, The Astrophysical Journal,
Forman,2005,483, The Astrophysical Journal,
Forman,2006,494, The Astrophysical Journal,
Forman,2007,504, The Astrophysical Journal,
Forman,2008,514, The Astrophysical Journal,
Forman,2009,521, The Astrophysical Journal,
Forman,2010,528, The Astrophysical Journal,
Forman,2011,536, The Astrophysical Journal,
Forman,2012,543, The Astrophysical Journal,
Forman,2013,559, The Astrophysical Journal,
Forman,2014,567, The Astrophysical Journal,
Forman,2015,578, The Astrophysical Journal,
Forman,2016,588, The Astrophysical Journal,
Forman,2017,598, The Astrophysical Journal,
McCall,1985,2, The Astrophysical Journal Supplement Series,
McCall,1986,18, The Astrophysical Journal Supplement Series,
McCall,1987,35, The Astrophysical Journal Supplement Series,
McCall,1988,53, The Astrophysical Journal Supplement Series,
McCall,1989,78, The Astrophysical Journal Supplement Series,
McCall,1990,94, The Astrophysical Journal Supplement Series,
McCall,1991,108, The Astrophysical Journal Supplement Series,
McCall,1992,129, The Astrophysical Journal Supplement Series,
McCall,1993,145, The Astrophysical Journal Supplement Series,
McCall,1994,167, The Astrophysical Journal Supplement Series,
McCall,1995,187, The Astrophysical Journal Supplement Series,
McCall,1996,204, The Astrophysical Journal Supplement Series,
McCall,1997,228, The Astrophysical Journal Supplement Series,
McCall,1998,248, The Astrophysical Journal Supplement Series,
McCall,1999,275, The Astrophysical Journal Supplement Series,
McCall,2000,297, The Astrophysical Journal Supplement Series,
McCall,2001,322, The Astrophysical Journal Supplement Series,
McCall,2002,351, The Astrophysical Journal Supplement Series,
McCall,2003,376, The Astrophysical Journal Supplement Series,
McCall,2004,402, The Astrophysical Journal Supplement Series,
McCall,2005,416, The Astrophysical Journal Supplement Series,
McCall,2006,440, The Astrophysical Journal Supplement Series,
McCall,2007,457, The Astrophysical Journal Supplement Series,
McCall,2008,468, The Astrophysical Journal Supplement Series,
McCall,2009,481, The Astrophysical Journal Supplement Series,
McCall,2010,505, The Astrophysical Journal Supplement Series,
McCall,2011,519, The Astrophysical Journal Supplement Series,
McCall,2012,542, The Astrophysical Journal Supplement Series,
McCall,2013,563, The Astrophysical Journal Supplement Series,
McCall,2014,575, The Astrophysical Journal Supplement Series,
McCall,2015,585, The Astrophysical Journal Supplement Series,
McCall,2016,594, The Astrophysical Journal Supplement Series,
McCall,2017,598, The Astrophysical Journal Supplement Series,
GrÌ_n,1985,2, Icarus,
GrÌ_n,1986,10, Icarus,
GrÌ_n,1987,24, Icarus,
GrÌ_n,1988,31, Icarus,
GrÌ_n,1989,45, Icarus,
GrÌ_n,1990,58, Icarus,
GrÌ_n,1991,73, Icarus,
GrÌ_n,1992,94, Icarus,
GrÌ_n,1993,119, Icarus,
GrÌ_n,1994,138, Icarus,
GrÌ_n,1995,175, Icarus,
GrÌ_n,1996,206, Icarus,
GrÌ_n,1997,236, Icarus,
GrÌ_n,1998,258, Icarus,
GrÌ_n,1999,275, Icarus,
GrÌ_n,2000,295, Icarus,
GrÌ_n,2001,313, Icarus,
GrÌ_n,2002,330, Icarus,
GrÌ_n,2003,344, Icarus,
GrÌ_n,2004,360, Icarus,
GrÌ_n,2005,374, Icarus,
GrÌ_n,2006,385, Icarus,
GrÌ_n,2007,396, Icarus,
GrÌ_n,2008,409, Icarus,
GrÌ_n,2009,421, Icarus,
GrÌ_n,2010,440, Icarus,
GrÌ_n,2011,456, Icarus,
GrÌ_n,2012,471, Icarus,
GrÌ_n,2013,487, Icarus,
GrÌ_n,2014,512, Icarus,
GrÌ_n,2015,533, Icarus,
GrÌ_n,2016,552, Icarus,
GrÌ_n,2017,580, Icarus,
GrÌ_n,2018,581, Icarus,
Gott, III ,1985,3,
Gott, III ,1986,37,
Gott, III ,1987,58,
Gott, III ,1988,81,
Gott, III ,1989,112,
Gott, III ,1990,138,
Gott, III ,1991,157,
Gott, III ,1992,186,
Gott, III ,1993,199,
Gott, III ,1994,220,
Gott, III ,1995,243,
Gott, III ,1996,265,
Gott, III ,1997,286,
Gott, III ,1998,302,
Gott, III ,1999,319,
Gott, III ,2000,331,
Gott, III ,2001,350,
Gott, III ,2002,362,
Gott, III ,2003,381,
Gott, III ,2004,392,
Gott, III ,2005,409,
Gott, III ,2006,424,
Gott, III ,2007,438,
Gott, III ,2008,451,
Gott, III ,2009,466,
Gott, III ,2010,484,
Gott, III ,2011,500,
Gott, III ,2012,517,
Gott, III ,2013,530,
Gott, III ,2014,541,
Gott, III ,2015,557,
Gott, III ,2016,571,
Gott, III ,2017,579, The Astrophysical Journal
Feigelson,1985,1, The Astrophysical Journal, The Astrophysical Journal
Feigelson,1986,9, The Astrophysical Journal, The Astrophysical Journal
Feigelson,1987,18, The Astrophysical Journal, The Astrophysical Journal
Feigelson,1988,33, The Astrophysical Journal, The Astrophysical Journal
Feigelson,1989,49, The Astrophysical Journal, The Astrophysical Journal
Feigelson,1990,66, The Astrophysical Journal, The Astrophysical Journal
Feigelson,1991,77, The Astrophysical Journal, The Astrophysical Journal
Feigelson,1992,93, The Astrophysical Journal, The Astrophysical Journal
Feigelson,1993,111, The Astrophysical Journal, The Astrophysical Journal
Feigelson,1994,131, The Astrophysical Journal, The Astrophysical Journal
Feigelson,1995,156, The Astrophysical Journal, The Astrophysical Journal
Feigelson,1996,179, The Astrophysical Journal, The Astrophysical Journal
Feigelson,1997,198, The Astrophysical Journal, The Astrophysical Journal
Feigelson,1998,212, The Astrophysical Journal, The Astrophysical Journal
Feigelson,1999,229, The Astrophysical Journal, The Astrophysical Journal
Feigelson,2000,249, The Astrophysical Journal, The Astrophysical Journal
Feigelson,2001,273, The Astrophysical Journal, The Astrophysical Journal
Feigelson,2002,287, The Astrophysical Journal, The Astrophysical Journal
Feigelson,2003,310, The Astrophysical Journal, The Astrophysical Journal
Feigelson,2004,327, The Astrophysical Journal, The Astrophysical Journal
Feigelson,2005,341, The Astrophysical Journal, The Astrophysical Journal
Feigelson,2006,361, The Astrophysical Journal, The Astrophysical Journal
Feigelson,2007,384, The Astrophysical Journal, The Astrophysical Journal
Feigelson,2008,400, The Astrophysical Journal, The Astrophysical Journal
Feigelson,2009,422, The Astrophysical Journal, The Astrophysical Journal
Feigelson,2010,439, The Astrophysical Journal, The Astrophysical Journal
Feigelson,2011,465, The Astrophysical Journal, The Astrophysical Journal
Feigelson,2012,492, The Astrophysical Journal, The Astrophysical Journal
Feigelson,2013,514, The Astrophysical Journal, The Astrophysical Journal
Feigelson,2014,532, The Astrophysical Journal, The Astrophysical Journal
Feigelson,2015,558, The Astrophysical Journal, The Astrophysical Journal
Feigelson,2016,578, The Astrophysical Journal, The Astrophysical Journal
Feigelson,2017,601, The Astrophysical Journal,
Feigelson,2018,602, The Astrophysical Journal,
Bertschinger,1985,2, The Astrophysical Journal Supplement Series,
Bertschinger,1986,4, The Astrophysical Journal Supplement Series,
Bertschinger,1987,5, The Astrophysical Journal Supplement Series,
Bertschinger,1988,13, The Astrophysical Journal Supplement Series,
Bertschinger,1989,17, The Astrophysical Journal Supplement Series,
Bertschinger,1990,23, The Astrophysical Journal Supplement Series,
Bertschinger,1991,31, The Astrophysical Journal Supplement Series,
Bertschinger,1992,38, The Astrophysical Journal Supplement Series,
Bertschinger,1993,48, The Astrophysical Journal Supplement Series,
Bertschinger,1994,60, The Astrophysical Journal Supplement Series,
Bertschinger,1995,71, The Astrophysical Journal Supplement Series,
Bertschinger,1996,85, The Astrophysical Journal Supplement Series,
Bertschinger,1997,107, The Astrophysical Journal Supplement Series,
Bertschinger,1998,124, The Astrophysical Journal Supplement Series,
Bertschinger,1999,144, The Astrophysical Journal Supplement Series,
Bertschinger,2000,167, The Astrophysical Journal Supplement Series,
Bertschinger,2001,189, The Astrophysical Journal Supplement Series,
Bertschinger,2002,205, The Astrophysical Journal Supplement Series,
Bertschinger,2003,227, The Astrophysical Journal Supplement Series,
Bertschinger,2004,249, The Astrophysical Journal Supplement Series,
Bertschinger,2005,274, The Astrophysical Journal Supplement Series,
Bertschinger,2006,297, The Astrophysical Journal Supplement Series,
Bertschinger,2007,312, The Astrophysical Journal Supplement Series,
Bertschinger,2008,324, The Astrophysical Journal Supplement Series,
Bertschinger,2009,349, The Astrophysical Journal Supplement Series,
Bertschinger,2010,373, The Astrophysical Journal Supplement Series,
Bertschinger,2011,403, The Astrophysical Journal Supplement Series,
Bertschinger,2012,426, The Astrophysical Journal Supplement Series,
Bertschinger,2013,457, The Astrophysical Journal Supplement Series,
Bertschinger,2014,475, The Astrophysical Journal Supplement Series,
Bertschinger,2015,495, The Astrophysical Journal Supplement Series,
Bertschinger,2016,518, The Astrophysical Journal Supplement Series,
Bertschinger,2017,546, The Astrophysical Journal Supplement Series,
Bethe,1986,5, The Astrophysical Journal,
Bethe,1987,29, The Astrophysical Journal,
Bethe,1988,54, The Astrophysical Journal,
Bethe,1989,71, The Astrophysical Journal,
Bethe,1990,84, The Astrophysical Journal,
Bethe,1991,94, The Astrophysical Journal,
Bethe,1992,106, The Astrophysical Journal,
Bethe,1993,120, The Astrophysical Journal,
Bethe,1994,132, The Astrophysical Journal,
Bethe,1995,147, The Astrophysical Journal,
Bethe,1996,158, The Astrophysical Journal,
Bethe,1997,167, The Astrophysical Journal,
Bethe,1998,177, The Astrophysical Journal,
Bethe,1999,189, The Astrophysical Journal,
Bethe,2000,206, The Astrophysical Journal,
Bethe,2001,223, The Astrophysical Journal,
Bethe,2002,232, The Astrophysical Journal,
Bethe,2003,247, The Astrophysical Journal,
Bethe,2004,258, The Astrophysical Journal,
Bethe,2005,278, The Astrophysical Journal,
Bethe,2006,294, The Astrophysical Journal,
Bethe,2007,308, The Astrophysical Journal,
Bethe,2008,319, The Astrophysical Journal,
Bethe,2009,335, The Astrophysical Journal,
Bethe,2010,356, The Astrophysical Journal,
Bethe,2011,378, The Astrophysical Journal,
Bethe,2012,414, The Astrophysical Journal,
Bethe,2013,429, The Astrophysical Journal,
Bethe,2014,457, The Astrophysical Journal,
Bethe,2015,480, The Astrophysical Journal,
Bethe,2016,508, The Astrophysical Journal,
Bethe,2017,526, The Astrophysical Journal,
Osterbrock,1985,1, The Astrophysical Journal,
Osterbrock,1986,6, The Astrophysical Journal,
Osterbrock,1987,11, The Astrophysical Journal,
Osterbrock,1988,18, The Astrophysical Journal,
Osterbrock,1989,34, The Astrophysical Journal,
Osterbrock,1990,39, The Astrophysical Journal,
Osterbrock,1991,47, The Astrophysical Journal,
Osterbrock,1992,53, The Astrophysical Journal,
Osterbrock,1993,55, The Astrophysical Journal,
Osterbrock,1994,59, The Astrophysical Journal,
Osterbrock,1995,65, The Astrophysical Journal,
Osterbrock,1996,74, The Astrophysical Journal,
Osterbrock,1997,83, The Astrophysical Journal,
Osterbrock,1998,99, The Astrophysical Journal,
Osterbrock,1999,119, The Astrophysical Journal,
Osterbrock,2000,142, The Astrophysical Journal,
Osterbrock,2001,175, The Astrophysical Journal,
Osterbrock,2002,192, The Astrophysical Journal,
Osterbrock,2003,212, The Astrophysical Journal,
Osterbrock,2004,244, The Astrophysical Journal,
Osterbrock,2005,264, The Astrophysical Journal,
Osterbrock,2006,292, The Astrophysical Journal,
Osterbrock,2007,318, The Astrophysical Journal,
Osterbrock,2008,342, The Astrophysical Journal,
Osterbrock,2009,366, The Astrophysical Journal,
Osterbrock,2010,386, The Astrophysical Journal,
Osterbrock,2011,406, The Astrophysical Journal,
Osterbrock,2012,428, The Astrophysical Journal,
Osterbrock,2013,450, The Astrophysical Journal,
Osterbrock,2014,471, The Astrophysical Journal,
Osterbrock,2015,496, The Astrophysical Journal,
Osterbrock,2016,523, The Astrophysical Journal,
Osterbrock,2017,545, The Astrophysical Journal,
Osterbrock,2018,546, The Astrophysical Journal,